filename,model,label
aassnaulhq.mp4,Xception,FAKE
aassnaulhq.mp4,EfficientNet,REAL
aassnaulhq.mp4,ResNet,FAKE
aayfryxljh.mp4,Xception,FAKE
aayfryxljh.mp4,EfficientNet,FAKE
aayfryxljh.mp4,ResNet,FAKE
acazlolrpz.mp4,Xception,FAKE
acazlolrpz.mp4,EfficientNet,FAKE
acazlolrpz.mp4,ResNet,FAKE
adohdulfwb.mp4,Xception,FAKE
adohdulfwb.mp4,EfficientNet,FAKE
adohdulfwb.mp4,ResNet,FAKE
ahjnxtiamx.mp4,Xception,FAKE
ahjnxtiamx.mp4,EfficientNet,FAKE
ahjnxtiamx.mp4,ResNet,FAKE
ajiyrjfyzp.mp4,Xception,FAKE
ajiyrjfyzp.mp4,EfficientNet,FAKE
ajiyrjfyzp.mp4,ResNet,FAKE
aktnlyqpah.mp4,Xception,FAKE
aktnlyqpah.mp4,EfficientNet,FAKE
aktnlyqpah.mp4,ResNet,FAKE
alrtntfxtd.mp4,Xception,FAKE
alrtntfxtd.mp4,EfficientNet,REAL
alrtntfxtd.mp4,ResNet,FAKE
aomqqjipcp.mp4,Xception,FAKE
aomqqjipcp.mp4,EfficientNet,REAL
aomqqjipcp.mp4,ResNet,FAKE
apedduehoy.mp4,Xception,FAKE
apedduehoy.mp4,EfficientNet,FAKE
apedduehoy.mp4,ResNet,FAKE
apvzjkvnwn.mp4,Xception,FAKE
apvzjkvnwn.mp4,EfficientNet,FAKE
apvzjkvnwn.mp4,ResNet,FAKE
aqrsylrzgi.mp4,Xception,FAKE
aqrsylrzgi.mp4,EfficientNet,REAL
aqrsylrzgi.mp4,ResNet,FAKE
axfhbpkdlc.mp4,Xception,FAKE
axfhbpkdlc.mp4,EfficientNet,FAKE
axfhbpkdlc.mp4,ResNet,FAKE
ayipraspbn.mp4,Xception,FAKE
ayipraspbn.mp4,EfficientNet,REAL
ayipraspbn.mp4,ResNet,FAKE
bcbqxhziqz.mp4,Xception,FAKE
bcbqxhziqz.mp4,EfficientNet,REAL
bcbqxhziqz.mp4,ResNet,FAKE
bcvheslzrq.mp4,Xception,FAKE
bcvheslzrq.mp4,EfficientNet,REAL
bcvheslzrq.mp4,ResNet,FAKE
bdshuoldwx.mp4,Xception,FAKE
bdshuoldwx.mp4,EfficientNet,REAL
bdshuoldwx.mp4,ResNet,FAKE
bfdopzvxbi.mp4,Xception,FAKE
bfdopzvxbi.mp4,EfficientNet,FAKE
bfdopzvxbi.mp4,ResNet,FAKE
bfjsthfhbd.mp4,Xception,FAKE
bfjsthfhbd.mp4,EfficientNet,REAL
bfjsthfhbd.mp4,ResNet,FAKE
bjyaxvggle.mp4,Xception,FAKE
bjyaxvggle.mp4,EfficientNet,REAL
bjyaxvggle.mp4,ResNet,FAKE
bkcyglmfci.mp4,Xception,FAKE
bkcyglmfci.mp4,EfficientNet,FAKE
bkcyglmfci.mp4,ResNet,FAKE
bktkwbcawi.mp4,Xception,FAKE
bktkwbcawi.mp4,EfficientNet,REAL
bktkwbcawi.mp4,ResNet,FAKE
bkuzquigyt.mp4,Xception,FAKE
bkuzquigyt.mp4,EfficientNet,FAKE
bkuzquigyt.mp4,ResNet,FAKE
blnmxntbey.mp4,Xception,FAKE
blnmxntbey.mp4,EfficientNet,FAKE
blnmxntbey.mp4,ResNet,FAKE
blszgmxkvu.mp4,Xception,FAKE
blszgmxkvu.mp4,EfficientNet,REAL
blszgmxkvu.mp4,ResNet,FAKE
bnuwxhfahw.mp4,Xception,FAKE
bnuwxhfahw.mp4,EfficientNet,REAL
bnuwxhfahw.mp4,ResNet,FAKE
bofrwgeyjo.mp4,Xception,FAKE
bofrwgeyjo.mp4,EfficientNet,REAL
bofrwgeyjo.mp4,ResNet,FAKE
btdxnajogv.mp4,Xception,FAKE
btdxnajogv.mp4,EfficientNet,FAKE
btdxnajogv.mp4,ResNet,FAKE
bvpeerislp.mp4,Xception,FAKE
bvpeerislp.mp4,EfficientNet,FAKE
bvpeerislp.mp4,ResNet,FAKE
bwdmzwhdnw.mp4,Xception,FAKE
bwdmzwhdnw.mp4,EfficientNet,FAKE
bwdmzwhdnw.mp4,ResNet,FAKE
bzvzpwrabw.mp4,Xception,FAKE
bzvzpwrabw.mp4,EfficientNet,FAKE
bzvzpwrabw.mp4,ResNet,FAKE
cekarydqba.mp4,Xception,FAKE
cekarydqba.mp4,EfficientNet,FAKE
cekarydqba.mp4,ResNet,FAKE
cekwtyxdoo.mp4,Xception,FAKE
cekwtyxdoo.mp4,EfficientNet,FAKE
cekwtyxdoo.mp4,ResNet,FAKE
cjkctqqakb.mp4,Xception,FAKE
cjkctqqakb.mp4,EfficientNet,FAKE
cjkctqqakb.mp4,ResNet,FAKE
cnpanmywno.mp4,Xception,FAKE
cnpanmywno.mp4,EfficientNet,REAL
cnpanmywno.mp4,ResNet,FAKE
cnxccbjlct.mp4,Xception,FAKE
cnxccbjlct.mp4,EfficientNet,FAKE
cnxccbjlct.mp4,ResNet,FAKE
coqwgzpbhx.mp4,Xception,FAKE
coqwgzpbhx.mp4,EfficientNet,REAL
coqwgzpbhx.mp4,ResNet,FAKE
cosghhimnd.mp4,Xception,FAKE
cosghhimnd.mp4,EfficientNet,FAKE
cosghhimnd.mp4,ResNet,FAKE
coujjnypba.mp4,Xception,FAKE
coujjnypba.mp4,EfficientNet,FAKE
coujjnypba.mp4,ResNet,FAKE
cqhwesrciw.mp4,Xception,FAKE
cqhwesrciw.mp4,EfficientNet,FAKE
cqhwesrciw.mp4,ResNet,FAKE
cqxxumarvp.mp4,Xception,FAKE
cqxxumarvp.mp4,EfficientNet,FAKE
cqxxumarvp.mp4,ResNet,FAKE
csnkohqxdv.mp4,Xception,FAKE
csnkohqxdv.mp4,EfficientNet,FAKE
csnkohqxdv.mp4,ResNet,FAKE
cxsvvnxpyz.mp4,Xception,FAKE
cxsvvnxpyz.mp4,EfficientNet,REAL
cxsvvnxpyz.mp4,ResNet,FAKE
czfqlbcfpa.mp4,Xception,FAKE
czfqlbcfpa.mp4,EfficientNet,REAL
czfqlbcfpa.mp4,ResNet,FAKE
dcqodpzomd.mp4,Xception,FAKE
dcqodpzomd.mp4,EfficientNet,FAKE
dcqodpzomd.mp4,ResNet,FAKE
ddtbarpcgo.mp4,Xception,FAKE
ddtbarpcgo.mp4,EfficientNet,FAKE
ddtbarpcgo.mp4,ResNet,FAKE
demuhxssgl.mp4,Xception,FAKE
demuhxssgl.mp4,EfficientNet,REAL
demuhxssgl.mp4,ResNet,FAKE
didzujjhtg.mp4,Xception,FAKE
didzujjhtg.mp4,EfficientNet,FAKE
didzujjhtg.mp4,ResNet,FAKE
dkuqbduxev.mp4,Xception,FAKE
dkuqbduxev.mp4,EfficientNet,REAL
dkuqbduxev.mp4,ResNet,FAKE
dmmvuaikkv.mp4,Xception,FAKE
dmmvuaikkv.mp4,EfficientNet,FAKE
dmmvuaikkv.mp4,ResNet,FAKE
dnmowthjcj.mp4,Xception,FAKE
dnmowthjcj.mp4,EfficientNet,FAKE
dnmowthjcj.mp4,ResNet,FAKE
doniqevxeg.mp4,Xception,FAKE
doniqevxeg.mp4,EfficientNet,FAKE
doniqevxeg.mp4,ResNet,FAKE
dozjwhnedd.mp4,Xception,FAKE
dozjwhnedd.mp4,EfficientNet,FAKE
dozjwhnedd.mp4,ResNet,FAKE
dpevefkefv.mp4,Xception,FAKE
dpevefkefv.mp4,EfficientNet,FAKE
dpevefkefv.mp4,ResNet,FAKE
dpmgoiwhuf.mp4,Xception,FAKE
dpmgoiwhuf.mp4,EfficientNet,REAL
dpmgoiwhuf.mp4,ResNet,FAKE
dsnxgrfdmd.mp4,Xception,FAKE
dsnxgrfdmd.mp4,EfficientNet,FAKE
dsnxgrfdmd.mp4,ResNet,FAKE
dtozwcapoa.mp4,Xception,FAKE
dtozwcapoa.mp4,EfficientNet,REAL
dtozwcapoa.mp4,ResNet,FAKE
dvkdfhrpph.mp4,Xception,FAKE
dvkdfhrpph.mp4,EfficientNet,FAKE
dvkdfhrpph.mp4,ResNet,FAKE
dvtpwatuja.mp4,Xception,FAKE
dvtpwatuja.mp4,EfficientNet,FAKE
dvtpwatuja.mp4,ResNet,FAKE
dvwpvqdflx.mp4,Xception,FAKE
dvwpvqdflx.mp4,EfficientNet,FAKE
dvwpvqdflx.mp4,ResNet,FAKE
dxfdovivlw.mp4,Xception,FAKE
dxfdovivlw.mp4,EfficientNet,FAKE
dxfdovivlw.mp4,ResNet,FAKE
dxgnpnowgk.mp4,Xception,FAKE
dxgnpnowgk.mp4,EfficientNet,REAL
dxgnpnowgk.mp4,ResNet,FAKE
dyjklprkoc.mp4,Xception,FAKE
dyjklprkoc.mp4,EfficientNet,REAL
dyjklprkoc.mp4,ResNet,FAKE
dzkyxbbqkr.mp4,Xception,FAKE
dzkyxbbqkr.mp4,EfficientNet,REAL
dzkyxbbqkr.mp4,ResNet,FAKE
dzojiwfvba.mp4,Xception,FAKE
dzojiwfvba.mp4,EfficientNet,FAKE
dzojiwfvba.mp4,ResNet,FAKE
ecumyiowzs.mp4,Xception,FAKE
ecumyiowzs.mp4,EfficientNet,FAKE
ecumyiowzs.mp4,ResNet,FAKE
eisofhptvk.mp4,Xception,FAKE
eisofhptvk.mp4,EfficientNet,REAL
eisofhptvk.mp4,ResNet,FAKE
ekboxwrwuv.mp4,Xception,FAKE
ekboxwrwuv.mp4,EfficientNet,FAKE
ekboxwrwuv.mp4,ResNet,FAKE
ekelfsnqof.mp4,Xception,FAKE
ekelfsnqof.mp4,EfficientNet,FAKE
ekelfsnqof.mp4,ResNet,FAKE
ekvwecwltj.mp4,Xception,FAKE
ekvwecwltj.mp4,EfficientNet,REAL
ekvwecwltj.mp4,ResNet,FAKE
elackxuccp.mp4,Xception,FAKE
elackxuccp.mp4,EfficientNet,REAL
elackxuccp.mp4,ResNet,FAKE
eppyqpgewp.mp4,Xception,FAKE
eppyqpgewp.mp4,EfficientNet,FAKE
eppyqpgewp.mp4,ResNet,FAKE
eqslzbqfea.mp4,Xception,FAKE
eqslzbqfea.mp4,EfficientNet,REAL
eqslzbqfea.mp4,ResNet,FAKE
eryjktdexi.mp4,Xception,FAKE
eryjktdexi.mp4,EfficientNet,REAL
eryjktdexi.mp4,ResNet,FAKE
esjdyghhog.mp4,Xception,FAKE
esjdyghhog.mp4,EfficientNet,FAKE
esjdyghhog.mp4,ResNet,FAKE
esmqxszybs.mp4,Xception,FAKE
esmqxszybs.mp4,EfficientNet,FAKE
esmqxszybs.mp4,ResNet,FAKE
espkiocpxq.mp4,Xception,FAKE
espkiocpxq.mp4,EfficientNet,FAKE
espkiocpxq.mp4,ResNet,FAKE
etdliwticv.mp4,Xception,FAKE
etdliwticv.mp4,EfficientNet,FAKE
etdliwticv.mp4,ResNet,FAKE
evysmtpnrf.mp4,Xception,FAKE
evysmtpnrf.mp4,EfficientNet,FAKE
evysmtpnrf.mp4,ResNet,FAKE
eyguqfmgzh.mp4,Xception,FAKE
eyguqfmgzh.mp4,EfficientNet,FAKE
eyguqfmgzh.mp4,ResNet,FAKE
eywdmustbb.mp4,Xception,FAKE
eywdmustbb.mp4,EfficientNet,FAKE
eywdmustbb.mp4,ResNet,FAKE
famlupsgqm.mp4,Xception,FAKE
famlupsgqm.mp4,EfficientNet,FAKE
famlupsgqm.mp4,ResNet,FAKE
fddmkqjwsh.mp4,Xception,FAKE
fddmkqjwsh.mp4,EfficientNet,REAL
fddmkqjwsh.mp4,ResNet,FAKE
fjrueenjyp.mp4,Xception,FAKE
fjrueenjyp.mp4,EfficientNet,FAKE
fjrueenjyp.mp4,ResNet,FAKE
fjxovgmwnm.mp4,Xception,FAKE
fjxovgmwnm.mp4,EfficientNet,REAL
fjxovgmwnm.mp4,ResNet,FAKE
fmhiujydwo.mp4,Xception,FAKE
fmhiujydwo.mp4,EfficientNet,REAL
fmhiujydwo.mp4,ResNet,FAKE
fmvvmcbdrw.mp4,Xception,FAKE
fmvvmcbdrw.mp4,EfficientNet,REAL
fmvvmcbdrw.mp4,ResNet,FAKE
fneqiqpqvs.mp4,Xception,FAKE
fneqiqpqvs.mp4,EfficientNet,REAL
fneqiqpqvs.mp4,ResNet,FAKE
fnxgqcvlsd.mp4,Xception,FAKE
fnxgqcvlsd.mp4,EfficientNet,REAL
fnxgqcvlsd.mp4,ResNet,FAKE
fopjiyxiqd.mp4,Xception,FAKE
fopjiyxiqd.mp4,EfficientNet,FAKE
fopjiyxiqd.mp4,ResNet,FAKE
fpevfidstw.mp4,Xception,FAKE
fpevfidstw.mp4,EfficientNet,FAKE
fpevfidstw.mp4,ResNet,FAKE
fqgypsunzr.mp4,Xception,FAKE
fqgypsunzr.mp4,EfficientNet,FAKE
fqgypsunzr.mp4,ResNet,FAKE
frqfsucgao.mp4,Xception,FAKE
frqfsucgao.mp4,EfficientNet,FAKE
frqfsucgao.mp4,ResNet,FAKE
fsdrwikhge.mp4,Xception,FAKE
fsdrwikhge.mp4,EfficientNet,FAKE
fsdrwikhge.mp4,ResNet,FAKE
fwykevubzy.mp4,Xception,FAKE
fwykevubzy.mp4,EfficientNet,REAL
fwykevubzy.mp4,ResNet,FAKE
fxuxxtryjn.mp4,Xception,FAKE
fxuxxtryjn.mp4,EfficientNet,REAL
fxuxxtryjn.mp4,ResNet,FAKE
fzvpbrzssi.mp4,Xception,FAKE
fzvpbrzssi.mp4,EfficientNet,FAKE
fzvpbrzssi.mp4,ResNet,FAKE
gahgyuwzbu.mp4,Xception,FAKE
gahgyuwzbu.mp4,EfficientNet,REAL
gahgyuwzbu.mp4,ResNet,FAKE
gbnzicjyhz.mp4,Xception,FAKE
gbnzicjyhz.mp4,EfficientNet,REAL
gbnzicjyhz.mp4,ResNet,FAKE
gccnvdoknm.mp4,Xception,FAKE
gccnvdoknm.mp4,EfficientNet,FAKE
gccnvdoknm.mp4,ResNet,FAKE
gcdtglsoqj.mp4,Xception,FAKE
gcdtglsoqj.mp4,EfficientNet,REAL
gcdtglsoqj.mp4,ResNet,FAKE
gfcycflhbo.mp4,Xception,FAKE
gfcycflhbo.mp4,EfficientNet,FAKE
gfcycflhbo.mp4,ResNet,FAKE
gfdjzwnpyp.mp4,Xception,FAKE
gfdjzwnpyp.mp4,EfficientNet,FAKE
gfdjzwnpyp.mp4,ResNet,FAKE
gfgcwxkbjd.mp4,Xception,FAKE
gfgcwxkbjd.mp4,EfficientNet,FAKE
gfgcwxkbjd.mp4,ResNet,FAKE
ggdpclfcgk.mp4,Xception,FAKE
ggdpclfcgk.mp4,EfficientNet,FAKE
ggdpclfcgk.mp4,ResNet,FAKE
ggzjfrirjh.mp4,Xception,FAKE
ggzjfrirjh.mp4,EfficientNet,REAL
ggzjfrirjh.mp4,ResNet,FAKE
ghnpsltzyn.mp4,Xception,FAKE
ghnpsltzyn.mp4,EfficientNet,REAL
ghnpsltzyn.mp4,ResNet,FAKE
gkutjglghz.mp4,Xception,FAKE
gkutjglghz.mp4,EfficientNet,REAL
gkutjglghz.mp4,ResNet,FAKE
gochxzemmq.mp4,Xception,FAKE
gochxzemmq.mp4,EfficientNet,FAKE
gochxzemmq.mp4,ResNet,FAKE
gpsxfxrjrr.mp4,Xception,FAKE
gpsxfxrjrr.mp4,EfficientNet,REAL
gpsxfxrjrr.mp4,ResNet,FAKE
gqnaxievjx.mp4,Xception,FAKE
gqnaxievjx.mp4,EfficientNet,FAKE
gqnaxievjx.mp4,ResNet,FAKE
gunamloolc.mp4,Xception,FAKE
gunamloolc.mp4,EfficientNet,REAL
gunamloolc.mp4,ResNet,FAKE
halvwiltfs.mp4,Xception,FAKE
halvwiltfs.mp4,EfficientNet,FAKE
halvwiltfs.mp4,ResNet,FAKE
hbufmvbium.mp4,Xception,FAKE
hbufmvbium.mp4,EfficientNet,REAL
hbufmvbium.mp4,ResNet,FAKE
hcanfkwivl.mp4,Xception,FAKE
hcanfkwivl.mp4,EfficientNet,FAKE
hcanfkwivl.mp4,ResNet,FAKE
hclsparpth.mp4,Xception,FAKE
hclsparpth.mp4,EfficientNet,FAKE
hclsparpth.mp4,ResNet,FAKE
hefisnapds.mp4,Xception,FAKE
hefisnapds.mp4,EfficientNet,FAKE
hefisnapds.mp4,ResNet,FAKE
heiyoojifp.mp4,Xception,FAKE
heiyoojifp.mp4,EfficientNet,FAKE
heiyoojifp.mp4,ResNet,FAKE
hevcclcklc.mp4,Xception,FAKE
hevcclcklc.mp4,EfficientNet,FAKE
hevcclcklc.mp4,ResNet,FAKE
hfsvqabzfq.mp4,Xception,FAKE
hfsvqabzfq.mp4,EfficientNet,REAL
hfsvqabzfq.mp4,ResNet,FAKE
hicjuubiau.mp4,Xception,FAKE
hicjuubiau.mp4,EfficientNet,FAKE
hicjuubiau.mp4,ResNet,FAKE
hierggamuo.mp4,Xception,FAKE
hierggamuo.mp4,EfficientNet,FAKE
hierggamuo.mp4,ResNet,FAKE
hitfycdavv.mp4,Xception,FAKE
hitfycdavv.mp4,EfficientNet,FAKE
hitfycdavv.mp4,ResNet,FAKE
hnfwagcxdf.mp4,Xception,FAKE
hnfwagcxdf.mp4,EfficientNet,FAKE
hnfwagcxdf.mp4,ResNet,FAKE
honxqdilvv.mp4,Xception,FAKE
honxqdilvv.mp4,EfficientNet,REAL
honxqdilvv.mp4,ResNet,FAKE
hqzwudvhih.mp4,Xception,FAKE
hqzwudvhih.mp4,EfficientNet,FAKE
hqzwudvhih.mp4,ResNet,FAKE
hsbljbsgxr.mp4,Xception,FAKE
hsbljbsgxr.mp4,EfficientNet,FAKE
hsbljbsgxr.mp4,ResNet,FAKE
hsbwhlolsn.mp4,Xception,FAKE
hsbwhlolsn.mp4,EfficientNet,FAKE
hsbwhlolsn.mp4,ResNet,FAKE
hszwwswewp.mp4,Xception,FAKE
hszwwswewp.mp4,EfficientNet,FAKE
hszwwswewp.mp4,ResNet,FAKE
htzbnroagi.mp4,Xception,FAKE
htzbnroagi.mp4,EfficientNet,REAL
htzbnroagi.mp4,ResNet,FAKE
huvlwkxoxm.mp4,Xception,FAKE
huvlwkxoxm.mp4,EfficientNet,REAL
huvlwkxoxm.mp4,ResNet,FAKE
hweshqpfwe.mp4,Xception,FAKE
hweshqpfwe.mp4,EfficientNet,FAKE
hweshqpfwe.mp4,ResNet,FAKE
hxwtsaydal.mp4,Xception,FAKE
hxwtsaydal.mp4,EfficientNet,FAKE
hxwtsaydal.mp4,ResNet,FAKE
hyjqolupxn.mp4,Xception,FAKE
hyjqolupxn.mp4,EfficientNet,FAKE
hyjqolupxn.mp4,ResNet,FAKE
hzoiotcykp.mp4,Xception,FAKE
hzoiotcykp.mp4,EfficientNet,FAKE
hzoiotcykp.mp4,ResNet,FAKE
hzssdinxec.mp4,Xception,FAKE
hzssdinxec.mp4,EfficientNet,FAKE
hzssdinxec.mp4,ResNet,FAKE
ibxfxggtqh.mp4,Xception,FAKE
ibxfxggtqh.mp4,EfficientNet,REAL
ibxfxggtqh.mp4,ResNet,FAKE
icbsahlivv.mp4,Xception,FAKE
icbsahlivv.mp4,EfficientNet,REAL
icbsahlivv.mp4,ResNet,FAKE
igpvrfjdzc.mp4,Xception,FAKE
igpvrfjdzc.mp4,EfficientNet,FAKE
igpvrfjdzc.mp4,ResNet,FAKE
ihglzxzroo.mp4,Xception,FAKE
ihglzxzroo.mp4,EfficientNet,FAKE
ihglzxzroo.mp4,ResNet,FAKE
iksxzpqxzi.mp4,Xception,FAKE
iksxzpqxzi.mp4,EfficientNet,REAL
iksxzpqxzi.mp4,ResNet,FAKE
ilqwcbprqa.mp4,Xception,FAKE
ilqwcbprqa.mp4,EfficientNet,FAKE
ilqwcbprqa.mp4,ResNet,FAKE
imdmhwkkni.mp4,Xception,FAKE
imdmhwkkni.mp4,EfficientNet,REAL
imdmhwkkni.mp4,ResNet,FAKE
iorbtaarte.mp4,Xception,FAKE
iorbtaarte.mp4,EfficientNet,FAKE
iorbtaarte.mp4,ResNet,FAKE
ipkpxvwroe.mp4,Xception,FAKE
ipkpxvwroe.mp4,EfficientNet,FAKE
ipkpxvwroe.mp4,ResNet,FAKE
ipvwtgdlre.mp4,Xception,FAKE
ipvwtgdlre.mp4,EfficientNet,REAL
ipvwtgdlre.mp4,ResNet,FAKE
irqzdokcws.mp4,Xception,FAKE
irqzdokcws.mp4,EfficientNet,FAKE
irqzdokcws.mp4,ResNet,FAKE
itfsvvmslp.mp4,Xception,FAKE
itfsvvmslp.mp4,EfficientNet,FAKE
itfsvvmslp.mp4,ResNet,FAKE
iznnzjvaxc.mp4,Xception,FAKE
iznnzjvaxc.mp4,EfficientNet,FAKE
iznnzjvaxc.mp4,ResNet,FAKE
jawgcggquk.mp4,Xception,FAKE
jawgcggquk.mp4,EfficientNet,FAKE
jawgcggquk.mp4,ResNet,FAKE
jhczqfefgw.mp4,Xception,FAKE
jhczqfefgw.mp4,EfficientNet,REAL
jhczqfefgw.mp4,ResNet,FAKE
jiavqbrkyk.mp4,Xception,FAKE
jiavqbrkyk.mp4,EfficientNet,FAKE
jiavqbrkyk.mp4,ResNet,FAKE
jiswxuqzyz.mp4,Xception,FAKE
jiswxuqzyz.mp4,EfficientNet,REAL
jiswxuqzyz.mp4,ResNet,FAKE
jquevmhdvc.mp4,Xception,FAKE
jquevmhdvc.mp4,EfficientNet,FAKE
jquevmhdvc.mp4,ResNet,FAKE
jsbpkpxwew.mp4,Xception,FAKE
jsbpkpxwew.mp4,EfficientNet,FAKE
jsbpkpxwew.mp4,ResNet,FAKE
jsysgmycsx.mp4,Xception,FAKE
jsysgmycsx.mp4,EfficientNet,FAKE
jsysgmycsx.mp4,ResNet,FAKE
jyfvaequfg.mp4,Xception,FAKE
jyfvaequfg.mp4,EfficientNet,REAL
jyfvaequfg.mp4,ResNet,FAKE
jyoxdvxpza.mp4,Xception,FAKE
jyoxdvxpza.mp4,EfficientNet,REAL
jyoxdvxpza.mp4,ResNet,FAKE
jytrvwlewz.mp4,Xception,FAKE
jytrvwlewz.mp4,EfficientNet,FAKE
jytrvwlewz.mp4,ResNet,FAKE
jzmzdispyo.mp4,Xception,FAKE
jzmzdispyo.mp4,EfficientNet,FAKE
jzmzdispyo.mp4,ResNet,FAKE
kcjvhgvhpt.mp4,Xception,FAKE
kcjvhgvhpt.mp4,EfficientNet,REAL
kcjvhgvhpt.mp4,ResNet,FAKE
keioymnobc.mp4,Xception,FAKE
keioymnobc.mp4,EfficientNet,FAKE
keioymnobc.mp4,ResNet,FAKE
kezwvsxxzj.mp4,Xception,FAKE
kezwvsxxzj.mp4,EfficientNet,REAL
kezwvsxxzj.mp4,ResNet,FAKE
khpipxnsvx.mp4,Xception,FAKE
khpipxnsvx.mp4,EfficientNet,REAL
khpipxnsvx.mp4,ResNet,FAKE
kmcdjxmnoa.mp4,Xception,FAKE
kmcdjxmnoa.mp4,EfficientNet,REAL
kmcdjxmnoa.mp4,ResNet,FAKE
kmqkiihrmj.mp4,Xception,FAKE
kmqkiihrmj.mp4,EfficientNet,REAL
kmqkiihrmj.mp4,ResNet,FAKE
knxltsvzyu.mp4,Xception,FAKE
knxltsvzyu.mp4,EfficientNet,FAKE
knxltsvzyu.mp4,ResNet,FAKE
kowiwvrjht.mp4,Xception,FAKE
kowiwvrjht.mp4,EfficientNet,FAKE
kowiwvrjht.mp4,ResNet,FAKE
kqlvggiqee.mp4,Xception,FAKE
kqlvggiqee.mp4,EfficientNet,FAKE
kqlvggiqee.mp4,ResNet,FAKE
kvmpmhdxly.mp4,Xception,FAKE
kvmpmhdxly.mp4,EfficientNet,FAKE
kvmpmhdxly.mp4,ResNet,FAKE
kwfdyqofzw.mp4,Xception,FAKE
kwfdyqofzw.mp4,EfficientNet,FAKE
kwfdyqofzw.mp4,ResNet,FAKE
lbfqksftuo.mp4,Xception,FAKE
lbfqksftuo.mp4,EfficientNet,FAKE
lbfqksftuo.mp4,ResNet,FAKE
lbigytrrtr.mp4,Xception,FAKE
lbigytrrtr.mp4,EfficientNet,REAL
lbigytrrtr.mp4,ResNet,FAKE
lebzjtusnr.mp4,Xception,FAKE
lebzjtusnr.mp4,EfficientNet,REAL
lebzjtusnr.mp4,ResNet,FAKE
lhvjzhjxdp.mp4,Xception,FAKE
lhvjzhjxdp.mp4,EfficientNet,FAKE
lhvjzhjxdp.mp4,ResNet,FAKE
ljauauuyka.mp4,Xception,FAKE
ljauauuyka.mp4,EfficientNet,FAKE
ljauauuyka.mp4,ResNet,FAKE
ljouzjaqqe.mp4,Xception,FAKE
ljouzjaqqe.mp4,EfficientNet,REAL
ljouzjaqqe.mp4,ResNet,FAKE
llplvmcvbl.mp4,Xception,FAKE
llplvmcvbl.mp4,EfficientNet,FAKE
llplvmcvbl.mp4,ResNet,FAKE
lmdyicksrv.mp4,Xception,FAKE
lmdyicksrv.mp4,EfficientNet,REAL
lmdyicksrv.mp4,ResNet,FAKE
lnhkjhyhvw.mp4,Xception,FAKE
lnhkjhyhvw.mp4,EfficientNet,FAKE
lnhkjhyhvw.mp4,ResNet,FAKE
lnjkpdviqb.mp4,Xception,FAKE
lnjkpdviqb.mp4,EfficientNet,FAKE
lnjkpdviqb.mp4,ResNet,FAKE
lpgxwdgnio.mp4,Xception,FAKE
lpgxwdgnio.mp4,EfficientNet,FAKE
lpgxwdgnio.mp4,ResNet,FAKE
lpkgabskbw.mp4,Xception,FAKE
lpkgabskbw.mp4,EfficientNet,FAKE
lpkgabskbw.mp4,ResNet,FAKE
lujvyveojc.mp4,Xception,FAKE
lujvyveojc.mp4,EfficientNet,REAL
lujvyveojc.mp4,ResNet,FAKE
lyoslorecs.mp4,Xception,FAKE
lyoslorecs.mp4,EfficientNet,REAL
lyoslorecs.mp4,ResNet,FAKE
mdfndlljvt.mp4,Xception,FAKE
mdfndlljvt.mp4,EfficientNet,FAKE
mdfndlljvt.mp4,ResNet,FAKE
mkmgcxaztt.mp4,Xception,FAKE
mkmgcxaztt.mp4,EfficientNet,FAKE
mkmgcxaztt.mp4,ResNet,FAKE
mkzaekkvej.mp4,Xception,FAKE
mkzaekkvej.mp4,EfficientNet,FAKE
mkzaekkvej.mp4,ResNet,FAKE
mllzkpgatp.mp4,Xception,FAKE
mllzkpgatp.mp4,EfficientNet,FAKE
mllzkpgatp.mp4,ResNet,FAKE
mnowxangqx.mp4,Xception,FAKE
mnowxangqx.mp4,EfficientNet,FAKE
mnowxangqx.mp4,ResNet,FAKE
mnzabbkpmt.mp4,Xception,FAKE
mnzabbkpmt.mp4,EfficientNet,FAKE
mnzabbkpmt.mp4,ResNet,FAKE
mohiqoogpb.mp4,Xception,FAKE
mohiqoogpb.mp4,EfficientNet,FAKE
mohiqoogpb.mp4,ResNet,FAKE
mszblrdprw.mp4,Xception,FAKE
mszblrdprw.mp4,EfficientNet,FAKE
mszblrdprw.mp4,ResNet,FAKE
mwnibuujwz.mp4,Xception,FAKE
mwnibuujwz.mp4,EfficientNet,FAKE
mwnibuujwz.mp4,ResNet,FAKE
mwwploizlj.mp4,Xception,FAKE
mwwploizlj.mp4,EfficientNet,REAL
mwwploizlj.mp4,ResNet,FAKE
mxahsihabr.mp4,Xception,FAKE
mxahsihabr.mp4,EfficientNet,FAKE
mxahsihabr.mp4,ResNet,FAKE
mxlipjhmqk.mp4,Xception,FAKE
mxlipjhmqk.mp4,EfficientNet,FAKE
mxlipjhmqk.mp4,ResNet,FAKE
ncmpqwmnzb.mp4,Xception,FAKE
ncmpqwmnzb.mp4,EfficientNet,FAKE
ncmpqwmnzb.mp4,ResNet,FAKE
ncoeewrdlo.mp4,Xception,FAKE
ncoeewrdlo.mp4,EfficientNet,REAL
ncoeewrdlo.mp4,ResNet,FAKE
ndikguxzek.mp4,Xception,FAKE
ndikguxzek.mp4,EfficientNet,REAL
ndikguxzek.mp4,ResNet,FAKE
nikynwcvuh.mp4,Xception,FAKE
nikynwcvuh.mp4,EfficientNet,FAKE
nikynwcvuh.mp4,ResNet,FAKE
njzshtfmcw.mp4,Xception,FAKE
njzshtfmcw.mp4,EfficientNet,FAKE
njzshtfmcw.mp4,ResNet,FAKE
nkhzxomani.mp4,Xception,FAKE
nkhzxomani.mp4,EfficientNet,REAL
nkhzxomani.mp4,ResNet,FAKE
novarhxpbj.mp4,Xception,FAKE
novarhxpbj.mp4,EfficientNet,FAKE
novarhxpbj.mp4,ResNet,FAKE
nplviymzlg.mp4,Xception,FAKE
nplviymzlg.mp4,EfficientNet,REAL
nplviymzlg.mp4,ResNet,FAKE
nswtvttxre.mp4,Xception,FAKE
nswtvttxre.mp4,EfficientNet,FAKE
nswtvttxre.mp4,ResNet,FAKE
nthpnwylxo.mp4,Xception,FAKE
nthpnwylxo.mp4,EfficientNet,REAL
nthpnwylxo.mp4,ResNet,FAKE
nwvloufjty.mp4,Xception,FAKE
nwvloufjty.mp4,EfficientNet,FAKE
nwvloufjty.mp4,ResNet,FAKE
nwvsbmyndn.mp4,Xception,FAKE
nwvsbmyndn.mp4,EfficientNet,FAKE
nwvsbmyndn.mp4,ResNet,FAKE
nxgzmgzkfv.mp4,Xception,FAKE
nxgzmgzkfv.mp4,EfficientNet,REAL
nxgzmgzkfv.mp4,ResNet,FAKE
nxnmkytwze.mp4,Xception,FAKE
nxnmkytwze.mp4,EfficientNet,FAKE
nxnmkytwze.mp4,ResNet,FAKE
nxzgekegsp.mp4,Xception,FAKE
nxzgekegsp.mp4,EfficientNet,FAKE
nxzgekegsp.mp4,ResNet,FAKE
nycmyuzpml.mp4,Xception,FAKE
nycmyuzpml.mp4,EfficientNet,REAL
nycmyuzpml.mp4,ResNet,FAKE
nymodlmxni.mp4,Xception,FAKE
nymodlmxni.mp4,EfficientNet,FAKE
nymodlmxni.mp4,ResNet,FAKE
oaguiggjyv.mp4,Xception,FAKE
oaguiggjyv.mp4,EfficientNet,REAL
oaguiggjyv.mp4,ResNet,FAKE
ocgdbrgmtq.mp4,Xception,FAKE
ocgdbrgmtq.mp4,EfficientNet,FAKE
ocgdbrgmtq.mp4,ResNet,FAKE
oefukgnvel.mp4,Xception,FAKE
oefukgnvel.mp4,EfficientNet,REAL
oefukgnvel.mp4,ResNet,FAKE
oelqpetgwj.mp4,Xception,FAKE
oelqpetgwj.mp4,EfficientNet,REAL
oelqpetgwj.mp4,ResNet,FAKE
ojsxxkalat.mp4,Xception,FAKE
ojsxxkalat.mp4,EfficientNet,FAKE
ojsxxkalat.mp4,ResNet,FAKE
okgelildpc.mp4,Xception,FAKE
okgelildpc.mp4,EfficientNet,REAL
okgelildpc.mp4,ResNet,FAKE
omphqltjdd.mp4,Xception,FAKE
omphqltjdd.mp4,EfficientNet,FAKE
omphqltjdd.mp4,ResNet,FAKE
ooafcxxfrs.mp4,Xception,FAKE
ooafcxxfrs.mp4,EfficientNet,FAKE
ooafcxxfrs.mp4,ResNet,FAKE
oocincvedt.mp4,Xception,FAKE
oocincvedt.mp4,EfficientNet,FAKE
oocincvedt.mp4,ResNet,FAKE
oojxonbgow.mp4,Xception,FAKE
oojxonbgow.mp4,EfficientNet,FAKE
oojxonbgow.mp4,ResNet,FAKE
opvqdabdap.mp4,Xception,FAKE
opvqdabdap.mp4,EfficientNet,FAKE
opvqdabdap.mp4,ResNet,FAKE
orekjthsef.mp4,Xception,FAKE
orekjthsef.mp4,EfficientNet,FAKE
orekjthsef.mp4,ResNet,FAKE
orixbcfvdz.mp4,Xception,FAKE
orixbcfvdz.mp4,EfficientNet,REAL
orixbcfvdz.mp4,ResNet,FAKE
ouaowjmigq.mp4,Xception,FAKE
ouaowjmigq.mp4,EfficientNet,REAL
ouaowjmigq.mp4,ResNet,FAKE
owaogcehvc.mp4,Xception,FAKE
owaogcehvc.mp4,EfficientNet,REAL
owaogcehvc.mp4,ResNet,FAKE
oyqgwjdwaj.mp4,Xception,FAKE
oyqgwjdwaj.mp4,EfficientNet,FAKE
oyqgwjdwaj.mp4,ResNet,FAKE
oysopgovhu.mp4,Xception,FAKE
oysopgovhu.mp4,EfficientNet,FAKE
oysopgovhu.mp4,ResNet,FAKE
papagllumt.mp4,Xception,FAKE
papagllumt.mp4,EfficientNet,FAKE
papagllumt.mp4,ResNet,FAKE
pcoxcmtroa.mp4,Xception,FAKE
pcoxcmtroa.mp4,EfficientNet,FAKE
pcoxcmtroa.mp4,ResNet,FAKE
pcyswtgick.mp4,Xception,FAKE
pcyswtgick.mp4,EfficientNet,REAL
pcyswtgick.mp4,ResNet,FAKE
pdswwyyntw.mp4,Xception,FAKE
pdswwyyntw.mp4,EfficientNet,REAL
pdswwyyntw.mp4,ResNet,FAKE
pdufsewrec.mp4,Xception,FAKE
pdufsewrec.mp4,EfficientNet,REAL
pdufsewrec.mp4,ResNet,FAKE
petmyhjclt.mp4,Xception,FAKE
petmyhjclt.mp4,EfficientNet,FAKE
petmyhjclt.mp4,ResNet,FAKE
phjvutxpoi.mp4,Xception,FAKE
phjvutxpoi.mp4,EfficientNet,FAKE
phjvutxpoi.mp4,ResNet,FAKE
pqdeutauqc.mp4,Xception,FAKE
pqdeutauqc.mp4,EfficientNet,FAKE
pqdeutauqc.mp4,ResNet,FAKE
pqthmvwonf.mp4,Xception,FAKE
pqthmvwonf.mp4,EfficientNet,REAL
pqthmvwonf.mp4,ResNet,FAKE
prhmixykhr.mp4,Xception,FAKE
prhmixykhr.mp4,EfficientNet,FAKE
prhmixykhr.mp4,ResNet,FAKE
prwsfljdjo.mp4,Xception,FAKE
prwsfljdjo.mp4,EfficientNet,FAKE
prwsfljdjo.mp4,ResNet,FAKE
psesikjaxx.mp4,Xception,FAKE
psesikjaxx.mp4,EfficientNet,REAL
psesikjaxx.mp4,ResNet,FAKE
ptbfnkajyi.mp4,Xception,FAKE
ptbfnkajyi.mp4,EfficientNet,FAKE
ptbfnkajyi.mp4,ResNet,FAKE
ptbnewtvon.mp4,Xception,FAKE
ptbnewtvon.mp4,EfficientNet,REAL
ptbnewtvon.mp4,ResNet,FAKE
pxcfrszlgi.mp4,Xception,FAKE
pxcfrszlgi.mp4,EfficientNet,REAL
pxcfrszlgi.mp4,ResNet,FAKE
pxjkzvqomp.mp4,Xception,FAKE
pxjkzvqomp.mp4,EfficientNet,FAKE
pxjkzvqomp.mp4,ResNet,FAKE
qarqtkvgby.mp4,Xception,FAKE
qarqtkvgby.mp4,EfficientNet,FAKE
qarqtkvgby.mp4,ResNet,FAKE
qcbkztamqc.mp4,Xception,FAKE
qcbkztamqc.mp4,EfficientNet,FAKE
qcbkztamqc.mp4,ResNet,FAKE
qclpbcbgeq.mp4,Xception,FAKE
qclpbcbgeq.mp4,EfficientNet,REAL
qclpbcbgeq.mp4,ResNet,FAKE
qdqdsaiitt.mp4,Xception,FAKE
qdqdsaiitt.mp4,EfficientNet,FAKE
qdqdsaiitt.mp4,ResNet,FAKE
qhkzlnzruj.mp4,Xception,FAKE
qhkzlnzruj.mp4,EfficientNet,REAL
qhkzlnzruj.mp4,ResNet,FAKE
qhsehzgxqj.mp4,Xception,FAKE
qhsehzgxqj.mp4,EfficientNet,FAKE
qhsehzgxqj.mp4,ResNet,FAKE
qlqhjcshpk.mp4,Xception,FAKE
qlqhjcshpk.mp4,EfficientNet,FAKE
qlqhjcshpk.mp4,ResNet,FAKE
qlvsqdroqo.mp4,Xception,FAKE
qlvsqdroqo.mp4,EfficientNet,REAL
qlvsqdroqo.mp4,ResNet,FAKE
qooxnxqqjb.mp4,Xception,FAKE
qooxnxqqjb.mp4,EfficientNet,FAKE
qooxnxqqjb.mp4,ResNet,FAKE
qqnlrngaft.mp4,Xception,FAKE
qqnlrngaft.mp4,EfficientNet,REAL
qqnlrngaft.mp4,ResNet,FAKE
qsjiypnjwi.mp4,Xception,FAKE
qsjiypnjwi.mp4,EfficientNet,REAL
qsjiypnjwi.mp4,ResNet,FAKE
qswlzfgcgj.mp4,Xception,FAKE
qswlzfgcgj.mp4,EfficientNet,FAKE
qswlzfgcgj.mp4,ResNet,FAKE
qxyrtwozyw.mp4,Xception,FAKE
qxyrtwozyw.mp4,EfficientNet,FAKE
qxyrtwozyw.mp4,ResNet,FAKE
qyyhuvqmyf.mp4,Xception,FAKE
qyyhuvqmyf.mp4,EfficientNet,FAKE
qyyhuvqmyf.mp4,ResNet,FAKE
rcecrgeotc.mp4,Xception,FAKE
rcecrgeotc.mp4,EfficientNet,FAKE
rcecrgeotc.mp4,ResNet,FAKE
rcjfxxhcal.mp4,Xception,FAKE
rcjfxxhcal.mp4,EfficientNet,REAL
rcjfxxhcal.mp4,ResNet,FAKE
rerpivllud.mp4,Xception,FAKE
rerpivllud.mp4,EfficientNet,FAKE
rerpivllud.mp4,ResNet,FAKE
rfjuhbnlro.mp4,Xception,FAKE
rfjuhbnlro.mp4,EfficientNet,REAL
rfjuhbnlro.mp4,ResNet,FAKE
rfwxcinshk.mp4,Xception,FAKE
rfwxcinshk.mp4,EfficientNet,REAL
rfwxcinshk.mp4,ResNet,FAKE
rklawjhbpv.mp4,Xception,FAKE
rklawjhbpv.mp4,EfficientNet,FAKE
rklawjhbpv.mp4,ResNet,FAKE
rktrpsdlci.mp4,Xception,FAKE
rktrpsdlci.mp4,EfficientNet,FAKE
rktrpsdlci.mp4,ResNet,FAKE
rmlzgerevr.mp4,Xception,FAKE
rmlzgerevr.mp4,EfficientNet,REAL
rmlzgerevr.mp4,ResNet,FAKE
rmufsuogzn.mp4,Xception,FAKE
rmufsuogzn.mp4,EfficientNet,FAKE
rmufsuogzn.mp4,ResNet,FAKE
rnfcjxynfa.mp4,Xception,FAKE
rnfcjxynfa.mp4,EfficientNet,FAKE
rnfcjxynfa.mp4,ResNet,FAKE
rrrfjhugvb.mp4,Xception,FAKE
rrrfjhugvb.mp4,EfficientNet,FAKE
rrrfjhugvb.mp4,ResNet,FAKE
rtpbawlmxr.mp4,Xception,FAKE
rtpbawlmxr.mp4,EfficientNet,FAKE
rtpbawlmxr.mp4,ResNet,FAKE
ruhtnngrqv.mp4,Xception,FAKE
ruhtnngrqv.mp4,EfficientNet,REAL
ruhtnngrqv.mp4,ResNet,FAKE
rukyxomwcx.mp4,Xception,FAKE
rukyxomwcx.mp4,EfficientNet,FAKE
rukyxomwcx.mp4,ResNet,FAKE
rvvpazsffd.mp4,Xception,FAKE
rvvpazsffd.mp4,EfficientNet,REAL
rvvpazsffd.mp4,ResNet,FAKE
rxdoimqble.mp4,Xception,FAKE
rxdoimqble.mp4,EfficientNet,REAL
rxdoimqble.mp4,ResNet,FAKE
ryxaqpfubf.mp4,Xception,FAKE
ryxaqpfubf.mp4,EfficientNet,FAKE
ryxaqpfubf.mp4,ResNet,FAKE
scbdenmaed.mp4,Xception,FAKE
scbdenmaed.mp4,EfficientNet,REAL
scbdenmaed.mp4,ResNet,FAKE
scrbqgpvzz.mp4,Xception,FAKE
scrbqgpvzz.mp4,EfficientNet,FAKE
scrbqgpvzz.mp4,ResNet,FAKE
sfsayjgzrh.mp4,Xception,FAKE
sfsayjgzrh.mp4,EfficientNet,FAKE
sfsayjgzrh.mp4,ResNet,FAKE
shnsajrsow.mp4,Xception,FAKE
shnsajrsow.mp4,EfficientNet,FAKE
shnsajrsow.mp4,ResNet,FAKE
siebfpwuhu.mp4,Xception,FAKE
siebfpwuhu.mp4,EfficientNet,FAKE
siebfpwuhu.mp4,ResNet,FAKE
sjinmmbipg.mp4,Xception,FAKE
sjinmmbipg.mp4,EfficientNet,REAL
sjinmmbipg.mp4,ResNet,FAKE
sjkfxrlxxs.mp4,Xception,FAKE
sjkfxrlxxs.mp4,EfficientNet,REAL
sjkfxrlxxs.mp4,ResNet,FAKE
sjwywglgym.mp4,Xception,FAKE
sjwywglgym.mp4,EfficientNet,REAL
sjwywglgym.mp4,ResNet,FAKE
sktpeppbkc.mp4,Xception,FAKE
sktpeppbkc.mp4,EfficientNet,REAL
sktpeppbkc.mp4,ResNet,FAKE
sngjsueuhs.mp4,Xception,FAKE
sngjsueuhs.mp4,EfficientNet,REAL
sngjsueuhs.mp4,ResNet,FAKE
snlyjbnpgw.mp4,Xception,FAKE
snlyjbnpgw.mp4,EfficientNet,REAL
snlyjbnpgw.mp4,ResNet,FAKE
sodvtfqbpf.mp4,Xception,FAKE
sodvtfqbpf.mp4,EfficientNet,REAL
sodvtfqbpf.mp4,ResNet,FAKE
sqixhnilfm.mp4,Xception,FAKE
sqixhnilfm.mp4,EfficientNet,FAKE
sqixhnilfm.mp4,ResNet,FAKE
srfefmyjvt.mp4,Xception,FAKE
srfefmyjvt.mp4,EfficientNet,FAKE
srfefmyjvt.mp4,ResNet,FAKE
sufvvwmbha.mp4,Xception,FAKE
sufvvwmbha.mp4,EfficientNet,REAL
sufvvwmbha.mp4,ResNet,FAKE
swsaoktwgi.mp4,Xception,FAKE
swsaoktwgi.mp4,EfficientNet,FAKE
swsaoktwgi.mp4,ResNet,FAKE
sylnrepacf.mp4,Xception,FAKE
sylnrepacf.mp4,EfficientNet,REAL
sylnrepacf.mp4,ResNet,FAKE
syuxttuyhm.mp4,Xception,FAKE
syuxttuyhm.mp4,EfficientNet,REAL
syuxttuyhm.mp4,ResNet,FAKE
syxobtuucp.mp4,Xception,FAKE
syxobtuucp.mp4,EfficientNet,FAKE
syxobtuucp.mp4,ResNet,FAKE
sznkemeqro.mp4,Xception,FAKE
sznkemeqro.mp4,EfficientNet,FAKE
sznkemeqro.mp4,ResNet,FAKE
tejfudfgpq.mp4,Xception,FAKE
tejfudfgpq.mp4,EfficientNet,FAKE
tejfudfgpq.mp4,ResNet,FAKE
temeqbmzxu.mp4,Xception,FAKE
temeqbmzxu.mp4,EfficientNet,FAKE
temeqbmzxu.mp4,ResNet,FAKE
temjefwaas.mp4,Xception,FAKE
temjefwaas.mp4,EfficientNet,FAKE
temjefwaas.mp4,ResNet,FAKE
tgawasvbbr.mp4,Xception,FAKE
tgawasvbbr.mp4,EfficientNet,FAKE
tgawasvbbr.mp4,ResNet,FAKE
tjuihawuqm.mp4,Xception,FAKE
tjuihawuqm.mp4,EfficientNet,FAKE
tjuihawuqm.mp4,ResNet,FAKE
tjywwgftmv.mp4,Xception,FAKE
tjywwgftmv.mp4,EfficientNet,FAKE
tjywwgftmv.mp4,ResNet,FAKE
toinozytsp.mp4,Xception,FAKE
toinozytsp.mp4,EfficientNet,FAKE
toinozytsp.mp4,ResNet,FAKE
tvhjcfnqtg.mp4,Xception,FAKE
tvhjcfnqtg.mp4,EfficientNet,FAKE
tvhjcfnqtg.mp4,ResNet,FAKE
txmnoyiyte.mp4,Xception,FAKE
txmnoyiyte.mp4,EfficientNet,FAKE
txmnoyiyte.mp4,ResNet,FAKE
txnmkabufs.mp4,Xception,FAKE
txnmkabufs.mp4,EfficientNet,REAL
txnmkabufs.mp4,ResNet,FAKE
tyjpjpglgx.mp4,Xception,FAKE
tyjpjpglgx.mp4,EfficientNet,FAKE
tyjpjpglgx.mp4,ResNet,FAKE
tynfsthodx.mp4,Xception,FAKE
tynfsthodx.mp4,EfficientNet,REAL
tynfsthodx.mp4,ResNet,FAKE
ucthmsajay.mp4,Xception,FAKE
ucthmsajay.mp4,EfficientNet,FAKE
ucthmsajay.mp4,ResNet,FAKE
udxqbhgvvx.mp4,Xception,FAKE
udxqbhgvvx.mp4,EfficientNet,FAKE
udxqbhgvvx.mp4,ResNet,FAKE
uhakqelqri.mp4,Xception,FAKE
uhakqelqri.mp4,EfficientNet,FAKE
uhakqelqri.mp4,ResNet,FAKE
uhrqlmlclw.mp4,Xception,FAKE
uhrqlmlclw.mp4,EfficientNet,FAKE
uhrqlmlclw.mp4,ResNet,FAKE
uoccaiathd.mp4,Xception,FAKE
uoccaiathd.mp4,EfficientNet,REAL
uoccaiathd.mp4,ResNet,FAKE
upmgtackuf.mp4,Xception,FAKE
upmgtackuf.mp4,EfficientNet,FAKE
upmgtackuf.mp4,ResNet,FAKE
uqvxjfpwdo.mp4,Xception,FAKE
uqvxjfpwdo.mp4,EfficientNet,REAL
uqvxjfpwdo.mp4,ResNet,FAKE
usqqvxcjmg.mp4,Xception,FAKE
usqqvxcjmg.mp4,EfficientNet,FAKE
usqqvxcjmg.mp4,ResNet,FAKE
uubgqnvfdl.mp4,Xception,FAKE
uubgqnvfdl.mp4,EfficientNet,REAL
uubgqnvfdl.mp4,ResNet,FAKE
uvrzaczrbx.mp4,Xception,FAKE
uvrzaczrbx.mp4,EfficientNet,FAKE
uvrzaczrbx.mp4,ResNet,FAKE
uxuvkrjhws.mp4,Xception,FAKE
uxuvkrjhws.mp4,EfficientNet,FAKE
uxuvkrjhws.mp4,ResNet,FAKE
vajkicalux.mp4,Xception,FAKE
vajkicalux.mp4,EfficientNet,REAL
vajkicalux.mp4,ResNet,FAKE
vbcgoyxsvn.mp4,Xception,FAKE
vbcgoyxsvn.mp4,EfficientNet,REAL
vbcgoyxsvn.mp4,ResNet,FAKE
vdtsbqidjb.mp4,Xception,FAKE
vdtsbqidjb.mp4,EfficientNet,REAL
vdtsbqidjb.mp4,ResNet,FAKE
vhbbwdflyh.mp4,Xception,FAKE
vhbbwdflyh.mp4,EfficientNet,FAKE
vhbbwdflyh.mp4,ResNet,FAKE
viteugozpv.mp4,Xception,FAKE
viteugozpv.mp4,EfficientNet,FAKE
viteugozpv.mp4,ResNet,FAKE
vizerpsvbz.mp4,Xception,FAKE
vizerpsvbz.mp4,EfficientNet,FAKE
vizerpsvbz.mp4,ResNet,FAKE
vjljdfopjg.mp4,Xception,FAKE
vjljdfopjg.mp4,EfficientNet,FAKE
vjljdfopjg.mp4,ResNet,FAKE
vmxfwxgdei.mp4,Xception,FAKE
vmxfwxgdei.mp4,EfficientNet,FAKE
vmxfwxgdei.mp4,ResNet,FAKE
vnlzxqwthl.mp4,Xception,FAKE
vnlzxqwthl.mp4,EfficientNet,FAKE
vnlzxqwthl.mp4,ResNet,FAKE
voawxrmqyl.mp4,Xception,FAKE
voawxrmqyl.mp4,EfficientNet,FAKE
voawxrmqyl.mp4,ResNet,FAKE
vokrpfjpeb.mp4,Xception,FAKE
vokrpfjpeb.mp4,EfficientNet,FAKE
vokrpfjpeb.mp4,ResNet,FAKE
vssmlqoiti.mp4,Xception,FAKE
vssmlqoiti.mp4,EfficientNet,REAL
vssmlqoiti.mp4,ResNet,FAKE
vtunvalyji.mp4,Xception,FAKE
vtunvalyji.mp4,EfficientNet,FAKE
vtunvalyji.mp4,ResNet,FAKE
vurjckblge.mp4,Xception,FAKE
vurjckblge.mp4,EfficientNet,FAKE
vurjckblge.mp4,ResNet,FAKE
vvfszaosiv.mp4,Xception,FAKE
vvfszaosiv.mp4,EfficientNet,REAL
vvfszaosiv.mp4,ResNet,FAKE
vwxednhlwz.mp4,Xception,FAKE
vwxednhlwz.mp4,EfficientNet,FAKE
vwxednhlwz.mp4,ResNet,FAKE
wadvzjhwtw.mp4,Xception,FAKE
wadvzjhwtw.mp4,EfficientNet,FAKE
wadvzjhwtw.mp4,ResNet,FAKE
waucvvmtkq.mp4,Xception,FAKE
waucvvmtkq.mp4,EfficientNet,FAKE
waucvvmtkq.mp4,ResNet,FAKE
wclvkepakb.mp4,Xception,FAKE
wclvkepakb.mp4,EfficientNet,FAKE
wclvkepakb.mp4,ResNet,FAKE
wcqvzujamg.mp4,Xception,FAKE
wcqvzujamg.mp4,EfficientNet,FAKE
wcqvzujamg.mp4,ResNet,FAKE
wcssbghcpc.mp4,Xception,FAKE
wcssbghcpc.mp4,EfficientNet,REAL
wcssbghcpc.mp4,ResNet,FAKE
wcvsqnplsk.mp4,Xception,FAKE
wcvsqnplsk.mp4,EfficientNet,FAKE
wcvsqnplsk.mp4,ResNet,FAKE
wfzjxzhdkj.mp4,Xception,FAKE
wfzjxzhdkj.mp4,EfficientNet,REAL
wfzjxzhdkj.mp4,ResNet,FAKE
wixbuuzygv.mp4,Xception,FAKE
wixbuuzygv.mp4,EfficientNet,FAKE
wixbuuzygv.mp4,ResNet,FAKE
wjhpisoeaj.mp4,Xception,FAKE
wjhpisoeaj.mp4,EfficientNet,REAL
wjhpisoeaj.mp4,ResNet,FAKE
wmoqzxddkb.mp4,Xception,FAKE
wmoqzxddkb.mp4,EfficientNet,FAKE
wmoqzxddkb.mp4,ResNet,FAKE
wndursivcx.mp4,Xception,FAKE
wndursivcx.mp4,EfficientNet,REAL
wndursivcx.mp4,ResNet,FAKE
wnlubukrki.mp4,Xception,FAKE
wnlubukrki.mp4,EfficientNet,REAL
wnlubukrki.mp4,ResNet,FAKE
wqysrieiqu.mp4,Xception,FAKE
wqysrieiqu.mp4,EfficientNet,FAKE
wqysrieiqu.mp4,ResNet,FAKE
wvgviwnwob.mp4,Xception,FAKE
wvgviwnwob.mp4,EfficientNet,REAL
wvgviwnwob.mp4,ResNet,FAKE
wynotylpnm.mp4,Xception,FAKE
wynotylpnm.mp4,EfficientNet,FAKE
wynotylpnm.mp4,ResNet,FAKE
xcruhaccxc.mp4,Xception,FAKE
xcruhaccxc.mp4,EfficientNet,FAKE
xcruhaccxc.mp4,ResNet,FAKE
xdezcezszc.mp4,Xception,FAKE
xdezcezszc.mp4,EfficientNet,REAL
xdezcezszc.mp4,ResNet,FAKE
xhtppuyqdr.mp4,Xception,FAKE
xhtppuyqdr.mp4,EfficientNet,REAL
xhtppuyqdr.mp4,ResNet,FAKE
xitgdpzbxv.mp4,Xception,FAKE
xitgdpzbxv.mp4,EfficientNet,FAKE
xitgdpzbxv.mp4,ResNet,FAKE
xjvxtuakyd.mp4,Xception,FAKE
xjvxtuakyd.mp4,EfficientNet,FAKE
xjvxtuakyd.mp4,ResNet,FAKE
xljemofssi.mp4,Xception,FAKE
xljemofssi.mp4,EfficientNet,REAL
xljemofssi.mp4,ResNet,FAKE
xmkwsnuzyq.mp4,Xception,FAKE
xmkwsnuzyq.mp4,EfficientNet,FAKE
xmkwsnuzyq.mp4,ResNet,FAKE
xphdfgmfmz.mp4,Xception,FAKE
xphdfgmfmz.mp4,EfficientNet,REAL
xphdfgmfmz.mp4,ResNet,FAKE
xrtvqhdibb.mp4,Xception,FAKE
xrtvqhdibb.mp4,EfficientNet,REAL
xrtvqhdibb.mp4,ResNet,FAKE
xugmhbetrw.mp4,Xception,FAKE
xugmhbetrw.mp4,EfficientNet,FAKE
xugmhbetrw.mp4,ResNet,FAKE
xxzefxwyku.mp4,Xception,FAKE
xxzefxwyku.mp4,EfficientNet,REAL
xxzefxwyku.mp4,ResNet,FAKE
yarpxfqejd.mp4,Xception,FAKE
yarpxfqejd.mp4,EfficientNet,FAKE
yarpxfqejd.mp4,ResNet,FAKE
yaxgpxhavq.mp4,Xception,FAKE
yaxgpxhavq.mp4,EfficientNet,REAL
yaxgpxhavq.mp4,ResNet,FAKE
ybbrkacebd.mp4,Xception,FAKE
ybbrkacebd.mp4,EfficientNet,FAKE
ybbrkacebd.mp4,ResNet,FAKE
yhjlnisfel.mp4,Xception,FAKE
yhjlnisfel.mp4,EfficientNet,FAKE
yhjlnisfel.mp4,ResNet,FAKE
yhylappzid.mp4,Xception,FAKE
yhylappzid.mp4,EfficientNet,REAL
yhylappzid.mp4,ResNet,FAKE
yietrwuncf.mp4,Xception,FAKE
yietrwuncf.mp4,EfficientNet,REAL
yietrwuncf.mp4,ResNet,FAKE
yiykshcbaz.mp4,Xception,FAKE
yiykshcbaz.mp4,EfficientNet,FAKE
yiykshcbaz.mp4,ResNet,FAKE
yljecirelf.mp4,Xception,FAKE
yljecirelf.mp4,EfficientNet,FAKE
yljecirelf.mp4,ResNet,FAKE
yllztsrwjw.mp4,Xception,FAKE
yllztsrwjw.mp4,EfficientNet,REAL
yllztsrwjw.mp4,ResNet,FAKE
ylxwcwhjjd.mp4,Xception,FAKE
ylxwcwhjjd.mp4,EfficientNet,FAKE
ylxwcwhjjd.mp4,ResNet,FAKE
yoyhmxtrys.mp4,Xception,FAKE
yoyhmxtrys.mp4,EfficientNet,REAL
yoyhmxtrys.mp4,ResNet,FAKE
ypbtpunjvm.mp4,Xception,FAKE
ypbtpunjvm.mp4,EfficientNet,REAL
ypbtpunjvm.mp4,ResNet,FAKE
yqhouqakbx.mp4,Xception,FAKE
yqhouqakbx.mp4,EfficientNet,FAKE
yqhouqakbx.mp4,ResNet,FAKE
yronlutbgm.mp4,Xception,FAKE
yronlutbgm.mp4,EfficientNet,REAL
yronlutbgm.mp4,ResNet,FAKE
ystdtnetgj.mp4,Xception,FAKE
ystdtnetgj.mp4,EfficientNet,REAL
ystdtnetgj.mp4,ResNet,FAKE
ytddugrwph.mp4,Xception,FAKE
ytddugrwph.mp4,EfficientNet,FAKE
ytddugrwph.mp4,ResNet,FAKE
ytopzxrswu.mp4,Xception,FAKE
ytopzxrswu.mp4,EfficientNet,REAL
ytopzxrswu.mp4,ResNet,FAKE
ywauoonmlr.mp4,Xception,FAKE
ywauoonmlr.mp4,EfficientNet,REAL
ywauoonmlr.mp4,ResNet,FAKE
ywxpquomgt.mp4,Xception,FAKE
ywxpquomgt.mp4,EfficientNet,FAKE
ywxpquomgt.mp4,ResNet,FAKE
yxadevzohx.mp4,Xception,FAKE
yxadevzohx.mp4,EfficientNet,FAKE
yxadevzohx.mp4,ResNet,FAKE
yxirnfyijn.mp4,Xception,FAKE
yxirnfyijn.mp4,EfficientNet,FAKE
yxirnfyijn.mp4,ResNet,FAKE
yxvmusxvcz.mp4,Xception,FAKE
yxvmusxvcz.mp4,EfficientNet,FAKE
yxvmusxvcz.mp4,ResNet,FAKE
yzuestxcbq.mp4,Xception,FAKE
yzuestxcbq.mp4,EfficientNet,REAL
yzuestxcbq.mp4,ResNet,FAKE
zbgssotnjm.mp4,Xception,FAKE
zbgssotnjm.mp4,EfficientNet,FAKE
zbgssotnjm.mp4,ResNet,FAKE
zcxcmneefk.mp4,Xception,FAKE
zcxcmneefk.mp4,EfficientNet,FAKE
zcxcmneefk.mp4,ResNet,FAKE
zfobicuigx.mp4,Xception,FAKE
zfobicuigx.mp4,EfficientNet,FAKE
zfobicuigx.mp4,ResNet,FAKE
zfrrixsimm.mp4,Xception,FAKE
zfrrixsimm.mp4,EfficientNet,FAKE
zfrrixsimm.mp4,ResNet,FAKE
zgbhzkditd.mp4,Xception,FAKE
zgbhzkditd.mp4,EfficientNet,FAKE
zgbhzkditd.mp4,ResNet,FAKE
zgjosltkie.mp4,Xception,FAKE
zgjosltkie.mp4,EfficientNet,FAKE
zgjosltkie.mp4,ResNet,FAKE
ziipxxchai.mp4,Xception,FAKE
ziipxxchai.mp4,EfficientNet,FAKE
ziipxxchai.mp4,ResNet,FAKE
zmxeiipnqb.mp4,Xception,FAKE
zmxeiipnqb.mp4,EfficientNet,FAKE
zmxeiipnqb.mp4,ResNet,FAKE
ztyuiqrhdk.mp4,Xception,FAKE
ztyuiqrhdk.mp4,EfficientNet,REAL
ztyuiqrhdk.mp4,ResNet,FAKE
ztyvglkcsf.mp4,Xception,FAKE
ztyvglkcsf.mp4,EfficientNet,FAKE
ztyvglkcsf.mp4,ResNet,FAKE
zuwwbbusgl.mp4,Xception,FAKE
zuwwbbusgl.mp4,EfficientNet,REAL
zuwwbbusgl.mp4,ResNet,FAKE
zxacihctqp.mp4,Xception,FAKE
zxacihctqp.mp4,EfficientNet,FAKE
zxacihctqp.mp4,ResNet,FAKE
zyufpqvpyu.mp4,Xception,FAKE
zyufpqvpyu.mp4,EfficientNet,FAKE
zyufpqvpyu.mp4,ResNet,FAKE
zzmgnglanj.mp4,Xception,FAKE
zzmgnglanj.mp4,EfficientNet,REAL
zzmgnglanj.mp4,ResNet,FAKE
